1,193.69,-8036.70,-29.502,4.3678E-02,1,150.15,3.23E-01,466,5.57E+06,1
2,125.81,-12376.00,-14.589,5.0824E-06,2,353.33,3.36E+02,761,6.57E+06,2
3,53.27,-6304.50,-4.2985,8.8865E-18,6,289.81,1.28E+03,591.95,5.74E+06,3
4,100.95,-8873.20,-11.451,6.1316E-06,2,200.15,2.20E-02,606,3.97E+06,4
5,69.006,-5599.60,-7.0985,6.2237E-06,2,178.45,2.79E+00,508.2,4.71E+06,5
6,58.302,-5385.60,-5.4954,5.3634E-06,2,229.32,1.87E+02,545.5,4.85E+06,6
7,39.63,-2552.20,-2.78,2.3930E-16,6,192.4,1.27E+05,308.3,6.11E+06,7
8,138.4,-7122.70,-19.638,2.6447E-02,1,185.45,1.03E+01,506,5.02E+06,8
9,46.745,-6587.10,-3.2208,5.2253E-07,2,286.15,2.57E+02,615,5.66E+06,9
10,87.604,-6392.70,-10.101,1.0891E-05,2,189.63,3.68E+00,535,4.48E+06,10
11,21.662,-692.39,-0.392,4.7574E-03,1,59.15,5.64E+03,132.45,3.79E+06,11
12,90.483,-4669.70,-11.607,1.7194E-02,1,195.41,6.11E+03,405.65,1.13E+07,12
13,128.06,-9307.70,-16.693,1.4919E-02,1,235.65,2.45E+00,645.6,4.27E+06,13
14,42.127,-1093.10,-4.1425,5.7254E-05,2,83.78,6.87E+04,150.86,4.90E+06,14
15,85.474,-11932.00,-8.3348,1.2850E-18,6,403,3.55E+02,824,5.05E+06,15
16,83.107,-6486.20,-9.2194,6.9844E-06,2,278.68,4.76E+03,562.05,4.88E+06,16
17,77.765,-8455.10,-7.7404,4.3089E-18,6,258.27,7.68E+00,689,4.73E+06,17
18,88.513,-11829.00,-8.6826,2.3248E-19,6,395.45,7.96E+02,751,4.47E+06,18
19,138.5,-11195.00,-17.085,9.5641E-06,2,260.4,3.08E+00,699.35,4.24E+06,19
20,88.404,-11769.00,-8.9014,1.9334E-18,6,321.35,1.49E+00,830,3.36E+06,20
21,100.68,-11059.00,-10.709,3.0582E-18,6,257.85,1.88E-01,720.15,4.37E+06,21
22,68.541,-7886.20,-6.5804,2.4285E-06,2,275.65,2.31E+01,662,3.11E+06,22
23,118.02,-10527.00,-13.91,6.4794E-06,2,243.95,2.98E-01,718,4.07E+06,23
24,77.314,-9910.40,-7.5079,2.2385E-18,6,342.2,9.42E+01,773,3.41E+06,24
25,108.26,-6592.00,-14.16,1.6043E-02,1,265.85,5.85E+03,584.15,1.03E+07,25
26,63.749,-7130.20,-5.879,5.2136E-18,6,242.43,7.84E+00,670.15,4.52E+06,26
27,62.217,-5113.30,-5.9761,4.7174E-17,6,154.55,3.72E-01,503.8,6.29E+06,27
28,72.586,-4698.60,-7.9966,1.1553E-05,2,179.47,1.95E+02,467,8.00E+06,28
29,39.714,-3769.90,-2.6407,6.9379E-18,6,136.95,4.47E-01,452,4.36E+06,29
30,75.572,-4621.90,-8.5323,1.2269E-05,2,164.25,6.92E+01,425,4.30E+06,30
31,66.343,-4363.20,-7.046,9.4509E-06,2,134.86,6.74E-01,425.12,3.77E+06,31
32,103.28,-11548.00,-10.925,4.2560E-18,6,220,2.93E-04,680,5.20E+06,32
33,123.22,-12620.00,-13.986,3.9260E-06,2,196.15,3.74E-07,676,4.03E+06,33
34,106.295,-9866.40,-11.655,1.0832E-17,6,183.85,2.90E-04,563.1,4.40E+06,34
35,114.68,-9850.20,-12.963,1.8738E-17,6,158.45,1.95E-06,535.9,4.18E+06,35
36,51.836,-4019.20,-4.5229,4.8833E-17,6,87.8,6.94E-07,419.5,4.02E+06,36
37,72.541,-4691.20,-7.9776,1.0368E-05,2,134.26,2.72E-01,435.5,4.24E+06,37
38,71.704,-4563.10,-7.9053,1.1319E-05,2,167.62,7.45E+01,428.6,4.10E+06,38
39,122.82,-9253.20,-14.99,1.0470E-05,2,199.65,8.17E-02,575.4,3.09E+06,39
40,101.22,-9255.40,-11.538,5.9208E-06,2,185.3,1.54E-04,660.5,2.88E+06,40
41,65.382,-6262.40,-6.2585,1.4943E-17,6,157.46,2.35E-03,570.1,3.97E+06,41
42,60.649,-5785.90,-5.6113,1.5877E-17,6,133.02,3.40E-05,554,4.06E+06,42
43,77.004,-5054.50,-8.5665,1.0161E-05,2,147.43,1.18E+00,440,4.60E+06,43
44,99.33,-7083.60,-11.733,1.0027E-05,2,176.75,3.17E-01,537.2,4.32E+06,44
45,93.815,-9942.20,-9.8019,9.3124E-18,6,267.95,6.78E+00,615.7,4.07E+06,45
46,66.32,-6714.90,-6.3087,1.3516E-17,6,161.25,6.18E-04,582.25,3.79E+06,46
47,140.54,-4735.00,-21.268,4.0909E-02,1,216.58,5.19E+05,304.21,7.39E+06,47
48,67.114,-4820.40,-7.5303,9.1695E-03,1,161.11,1.49E+00,552,8.04E+06,48
49,45.698,-1076.60,-4.8814,7.5673E-05,2,68.15,1.54E+04,132.92,3.49E+06,49
50,78.441,-6128.10,-8.5766,6.8465E-06,2,250.33,1.12E+03,556.35,4.54E+06,50
51,61.89,-2296.30,-7.086,3.4687E-05,2,89.56,1.08E+02,227.51,3.74E+06,51
52,71.334,-3855.00,-8.5171,1.2378E-02,1,172.12,1.37E+03,417.15,7.79E+06,52
53,54.144,-6244.40,-4.5343,4.7030E-18,6,227.95,8.45E+00,632.35,4.53E+06,53
54,65.988,-4661.30,-6.8586,7.9404E-06,2,134.8,1.25E-01,460.35,5.33E+06,54
55,146.43,-7792.30,-20.614,2.4578E-02,1,207.15,5.25E+01,536.4,5.55E+06,55
56,64.697,-4048.10,-6.8066,1.0371E-05,2,175.43,8.71E+02,416.25,6.69E+06,56
57,79.24,-5718.80,-8.789,8.4486E-06,2,150.35,6.96E-02,503.15,4.58E+06,57
58,46.854,-4445.50,-3.6533,1.3260E-17,6,155.97,9.08E-01,489,4.51E+06,58
59,95.403,-10581.00,-10.004,4.3032E-18,6,285.39,5.86E+00,705.85,4.52E+06,59
60,210.88,-13928.00,-29.483,2.5182E-02,1,304.19,6.53E+01,697.55,5.06E+06,60
61,118.53,-8036.70,-13.293,8.6988E-18,6,307.93,3.45E+01,704.65,5.15E+06,61
62,102.81,-12376.00,-11.922,7.0048E-06,2,177.14,4.71E-04,631,3.23E+06,62
63,81.565,-4808.90,-9.3748,1.3901E-05,2,245.25,7.39E+04,400.15,5.96E+06,63
64,85.899,-4884.40,-10.883,1.4934E-02,1,182.48,1.80E+02,459.93,4.99E+06,64
65,51.087,-5226.40,-4.2278,9.7554E-18,6,279.69,5.36E+03,553.8,4.09E+06,65
66,189.19,-14337.00,-24.148,1.0740E-05,2,296.6,7.65E+01,650.1,4.27E+06,66
67,85.424,-7944.40,-9.2862,4.9957E-06,2,242,6.80E+00,653,3.99E+06,67
68,88.184,-6624.90,-10.059,8.2566E-06,2,169.67,1.04E-01,560.4,4.39E+06,68
69,66.341,-5198.50,-6.8103,6.1930E-06,2,179.28,9.07E+00,511.7,4.51E+06,69
70,67.952,-5187.50,-7.0785,6.8165E-06,2,138.13,1.28E-02,507,4.80E+06,70
71,40.608,-3179.60,-2.8937,5.6131E-17,6,145.59,7.80E+01,398,5.49E+06,71
72,85.146,-7843.70,-9.2982,5.1788E-06,2,189.64,8.24E-03,664,3.97E+06,72
73,201.64,-15133.00,-26.264,1.4625E-05,2,267.15,4.86E-01,674.2,2.60E+06,73
74,112.73,-9749.60,-13.245,7.1266E-06,2,243.51,1.39E+00,617.7,2.09E+06,74
75,123.36,-14680.00,-13.474,1.9491E-18,6,304.55,1.50E-01,722.1,2.23E+06,75
76,156.239,-15212.00,-18.424,8.5006E-18,6,280.05,1.51E-01,688,2.31E+06,76
77,68.401,-7776.90,-6.4637,6.3750E-18,6,206.89,2.59E-02,616.6,2.22E+06,77
78,91.91,-10565.00,-9.5957,5.7028E-18,6,247.56,2.59E-02,696,2.13E+06,78
79,142.94,-11119.00,-17.818,1.1020E-05,2,229.15,1.60E-01,619.85,2.36E+06,79
80,18.947,-154.47,-0.5723,3.8899E-02,1,18.73,1.72E+04,38.35,1.66E+06,80
81,62.711,-6503.50,-5.7669,1.0427E-06,2,210.15,2.64E+00,628,6.03E+06,81
82,43.751,-5587.70,-3.0891,8.2664E-07,2,282.85,7.53E+02,650.15,5.38E+06,82
83,86.295,-7010.30,-9.5972,6.7794E-06,2,220.6,2.13E+01,611,7.17E+06,83
84,72.227,-7537.60,-7.0596,9.1442E-18,6,175.3,7.14E-04,584.1,2.46E+06,84
85,53.187,-6827.50,-4.3233,2.3112E-18,6,248.39,6.41E+00,683.95,4.07E+06,85
86,77.105,-8111.10,-7.8886,2.7267E-06,2,256.15,6.49E+00,705,4.07E+06,86
87,88.31,-8463.40,-9.6308,4.5833E-06,2,326.14,1.23E+03,684.75,4.07E+06,87
88,66.611,-5493.10,-6.7301,5.3579E-06,2,176.19,2.21E+00,523,5.11E+06,88
89,92.355,-6920.40,-10.651,9.1426E-06,2,237.49,2.37E+02,561.6,5.32E+06,89
90,101.6,-6541.60,-12.247,1.2311E-05,2,178.01,5.93E+00,510,6.09E+06,90
91,83.495,-6661.40,-9.2386,6.7652E-06,2,200,4.52E+00,560,4.24E+06,91
92,65.955,-6015.60,-6.5509,4.3172E-06,2,172.71,8.25E-02,572,4.23E+06,92
93,106.38,-13714.00,-11.06,3.2645E-18,6,301.15,1.02E-01,736.6,4.26E+06,93
94,49.314,-4949.00,-3.9256,9.1978E-18,6,223.35,3.74E+02,496.6,3.67E+06,94
95,136.9,-6954.30,-19.254,2.4508E-02,1,156.85,3.95E-01,466.7,3.64E+06,95
96,46.705,-5177.40,-3.5985,1.7147E-06,2,169.20,9.93E-02,557.15,3.96E+06,96
97,73.491,-4385.90,-8.1851,1.2978E-05,2,154.56,6.45E+01,386.44,4.51E+06,97
98,84.625,-5217.40,-9.871,1.3050E-05,2,215,2.83E+03,445,4.37E+06,98
99,69.132,-3847.70,-7.5868,1.5065E-05,2,136.95,5.43E+01,351.255,5.76E+06,99
100,462.84,-18227.00,-73.734,9.2794E-02,1,176.85,4.47E-03,523.1,3.20E+06,100
101,41.631,-4668.70,-2.8551,6.3693E-04,1,187.65,6.86E+00,500.05,2.87E+06,101
102,50.868,-6036.50,-4.066,1.1326E-06,2,204.81,8.21E-01,576,3.02E+06,102
103,53.637,-5251.20,-4.5649,1.6754E-17,6,159.95,9.45E-02,507.8,3.77E+06,103
104,62.097,-6174.90,-5.715,1.2323E-17,6,226.1,4.50E+01,543,3.45E+06,104
105,66.592,-4999.80,-6.8387,6.6793E-06,2,240.91,6.12E+03,473.2,4.87E+06,105
106,71.738,-5302.00,-7.3324,6.4200E-17,6,180.96,7.56E+01,437.2,5.26E+06,106
107,77.161,-5691.10,-8.501,8.0325E-06,2,145.19,1.52E-02,500,3.13E+06,107
108,81.184,-6927.00,-8.8498,5.4580E-06,2,239.66,6.06E+01,591.15,2.94E+06,108
109,78.952,-7075.40,-8.4344,4.5035E-06,2,223.16,6.41E+00,606.15,2.94E+06,109
110,78.429,-6882.10,-8.4129,4.9831E-06,2,184.99,8.04E-02,596.15,2.94E+06,110
111,81.045,-6941.30,-8.777,5.5501E-06,2,188.44,2.07E-01,615,5.36E+06,111
112,44.704,-3525.60,-3.4444,5.4574E-17,6,131.65,3.05E+00,400.1,5.27E+06,112
113,82.762,-7955.50,-8.8038,4.2431E-06,2,212.72,1.95E-01,649.6,4.37E+06,113
114,78.335,-6348.70,-8.5105,6.4311E-06,2,160,1.26E-02,537.3,2.88E+06,114
115,72.517,-10415.00,-6.755,1.3269E-06,2,274.18,3.72E-02,766,2.78E+06,115
116,63.08,-4062.30,-6.425,1.5115E-16,6,122.93,4.15E-01,402,3.56E+06,116
117,84.39,-5740.60,-9.6454,1.0073E-05,2,174.88,7.86E+00,503.04,5.53E+06,117
118,56.273,-7620.60,-4.6279,4.3819E-07,2,291.67,5.02E+01,729,5.65E+06,118
119,43.541,-8204.80,-2.7519,1.0466E-18,6,413.8,1.26E+03,772,2.78E+06,119
120,44.494,-5406.70,-3.1287,2.8913E-18,6,284.95,2.53E+03,587,5.16E+06,120
121,59.969,-8585.50,-5.1538,1.9983E-18,6,300.03,7.09E+00,766.8,3.10E+06,121
122,54.000,-6018.50,-4.4981,9.9684E-18,6,210,3.69E+00,550.0,3.11E+06,122
123,137.470,-11976.00,-16.698,8.0906E-06,2,263.57,6.15E-01,658,1.82E+06,123
124,203.66,-19441.00,-25.525,8.8382E-06,2,309.58,9.26E-03,768,1.18E+06,124
125,51.86,-2598.70,-5.1283,1.4913E-05,2,90.35,1.13E+00,305.32,4.85E+06,125
126,73.304,-7122.30,-7.1424,2.8853E-06,2,159.05,4.96E-04,514,6.11E+06,126
127,66.824,-6227.60,-6.41,1.7914E-17,6,189.6,1.43E+00,523,3.85E+06,127
128,81.560,-5596.90,-9.0779,8.7920E-06,2,192.15,1.52E+02,456,5.59E+06,128
129,89.063,-7733.70,-9.917,5.9860E-06,2,178.20,3.91E-03,617.2,3.59E+06,129
130,52.923,-7531.70,-4.2347,1.1835E-06,2,238,1.69E-01,698.0,3.20E+06,130
131,90.464,-10243.00,-9.2836,5.2573E-18,6,258.15,4.63E-01,655,3.40E+06,131
132,57.66,-6346.50,-5.032,8.2534E-18,6,175.15,1.04E-02,571,2.94E+06,132
133,80.21,-7203.20,-8.6023,4.5901E-06,2,161.84,3.57E-04,609.15,3.04E+06,133
134,88.671,-7012.70,-10.045,7.4578E-06,2,134.71,3.71E-06,570,3.41E+06,134
135,53.963,-2443.00,-5.5643,1.9079E-05,2,104.0,1.26E+02,282,5.03E+06,135
136,73.510,-7572.70,-7.1435,1.2124E-17,6,284.29,6.78E+02,593,6.29E+06,136
137,84.090,-10411.00,-8.1976,1.6536E-18,6,260.15,2.19E-01,720.0,8.26E+06,137
138,66.510,-6019.20,-6.3332,1.0394E-17,6,195,9.71E+00,537.0,6.85E+06,138
139,91.944,-5293.40,-11.682,1.4902E-02,1,160.65,7.79E+00,469,7.26E+06,139
140,73.83,-5817.00,-7.809,6.3200E-06,2,193.55,1.81E+01,508,4.71E+06,140
141,117.52,-12991.00,-12.895,6.1306E-18,6,235.00,2.86E-04,674.60,2.79E+06,141
142,77.523,-7978.80,-7.7757,1.0076E-17,6,180.00,7.60E-04,583,2.46E+06,142
143,57.723,-5236.90,-5.2136,2.2998E-17,6,140.0,4.31E-03,489,3.42E+06,143
144,57.459,-6356.80,-4.9545,5.2015E-18,6,204.15,9.70E-01,567,3.29E+06,144
145,65.551,-5027.40,-6.6853,6.3208E-06,2,125.26,1.14E-03,499.2,5.49E+06,145
146,105.640,-8007.00,-12.477,9.0000E-06,2,199,7.80E-01,546.0,3.34E+06,146
147,86.898,-6646.40,-9.5758,5.9615E-17,6,145.65,1.61E-03,500,3.37E+06,147
148,62.61,-6148.20,-5.84,1.0900E-17,6,167.55,1.85E-02,560,3.32E+06,148
149,42.39,-1103.30,-4.1203,5.7815E-05,2,53.48,2.53E+02,144.12,5.17E+06,149
150,51.915,-5439.00,-4.2896,8.7527E-18,6,230.94,1.51E+02,560,4.54E+06,150
151,56.639,-3576.50,-5.5801,9.8969E-06,2,130.0,8.37E+00,375,5.01E+06,151
152,59.123,-3043.70,-6.1845,1.6637E-05,2,131.35,4.33E+02,317,5.88E+06,152
153,101.510,-4917.20,-13.765,2.2031E-02,1,181.15,8.87E+02,408.0,6.59E+06,153
154,100.300,-10763.00,-10.946,3.8503E-06,2,276,1.04E+00,771.0,7.75E+06,154
155,50.323,-5378.20,-4.203,3.4697E-06,2,281.45,2.40E+03,588,5.81E+06,155
156,74.74,-5417.00,-8.0636,7.4700E-06,2,187.55,5.00E+01,490,5.55E+06,156
157,11.53,-8.99,0.6724,2.7430E-01,1,1.76,1.46E+03,5.20,2.29E+05,157
158,156.950,-15557.00,-18.966,6.4559E-06,2,295.13,4.65E-02,736,1.34E+06,158
159,92.252,-8349.00,-10.274,5.9252E-06,2,229.8,1.45E+00,617,3.16E+06,159
160,87.829,-6996.40,-9.8802,7.2099E-06,2,182.57,1.83E-01,540,2.72E+06,160
161,120.470,-13106.00,-13.31,5.8384E-18,6,265.83,4.34E-02,677.3,3.04E+06,161
162,147.410,-13466.00,-17.353,1.1284E-17,6,239,1.95E-02,632.3,3.01E+06,162
163,124.230,-11637.00,-14.148,6.9486E-17,6,230.00,3.68E-02,608,3.00E+06,163
164,78.46,-8077.20,-7.9062,8.0521E-18,6,234.15,2.30E+00,607,2.92E+06,164
165,75.49,-7896.50,-7.5047,8.9130E-18,6,238.15,3.54E+00,611.40,2.95E+06,165
166,65.922,-6189.00,-6.3629,2.0091E-17,6,154.12,1.86E-03,537,2.92E+06,166
167,79.858,-8501.80,-8.1043,8.1501E-18,6,229.9,3.05E-01,645,2.77E+06,167
168,59.083,-6031.80,-5.3072,1.4357E-17,6,192.22,8.15E-01,547,3.21E+06,168
169,156.060,-15015.00,-18.941,6.8172E-06,2,291.31,9.23E-02,723.0,1.41E+06,169
170,81.507,-7776.80,-8.4516,1.5143E-17,6,217,1.25E+00,591.0,3.46E+06,170
171,104.650,-6995.50,-12.702,1.2381E-05,2,177.83,9.02E-01,508,3.05E+06,171
172,114.05,-12332.00,-12.45,5.6253E-18,6,269.25,2.43E-01,660,3.28E+06,172
173,135.42,-12288.00,-15.732,1.2701E-17,6,228.55,2.25E-02,611.30,3.44E+06,173
174,109.420,-10449.00,-12.051,2.6122E-46,16,223.00,7.44E-02,585,3.30E+06,174
175,107.440,-8528.60,-12.679,8.4606E-06,2,217.4,1.45E+00,588,3.29E+06,175
176,73.155,-7242.90,-7.2569,1.2741E-17,6,217.50,2.22E+00,583,3.32E+06,176
177,51.024,-4986.40,-4.2463,1.6768E-17,6,133.39,7.96E-04,504.0,3.21E+06,177
178,47.091,-5104.00,-3.6371,5.1621E-04,1,170,2.20E-01,544.0,3.54E+06,178
179,68.467,-7390.50,-6.5456,7.7611E-18,6,192.62,1.31E-02,623,3.08E+06,179
180,133.20,-7492.90,-18.405,2.2062E-02,1,141.25,3.92E-04,516,3.64E+06,180
181,123.71,-7639.00,-16.451,1.6495E-02,1,183.65,5.40E-01,549.00,3.53E+06,181
182,76.858,-7245.20,-8.22,6.1557E-03,1,274.69,4.08E+02,653,1.47E+07,182
183,12.690,-94.90,1.1125,3.2915E-04,2,14.0,7.21E+03,33,1.32E+06,183
184,29.315,-8036.70,-1.1354,2.3806E-18,6,185.15,2.95E+04,363.15,8.46E+06,184
185,104.27,-12376.00,-15.047,3.1340E-02,1,158.97,1.35E+04,324.65,8.36E+06,185
186,36.75,-3927.10,-2.1245,3.8948E-17,6,259.83,1.87E+04,456.65,5.35E+06,186
187,59.544,-4143.80,-6.1764,1.4161E-05,2,189.79,3.37E+02,461.15,6.49E+06,187
188,85.584,-3839.90,-11.199,1.8848E-02,1,187.68,2.29E+04,373.53,9.00E+06,188
189,110.38,-10540.00,-12.262,1.4310E-17,6,227.15,7.82E-02,605,3.68E+06,189
190,136.66,-7201.50,-18.934,2.2255E-02,1,177.95,7.73E+00,471.85,4.54E+06,190
191,122.92,-16258.00,-13.113,2.0609E-18,6,407.95,7.03E+01,805,5.65E+06,191
192,109.53,-10410.00,-12.289,3.1990E-06,2,288.15,5.86E+01,662,4.81E+06,192
193,39.205,-1324.40,-3.4366,3.1019E-05,2,90.69,1.17E+04,190.56,4.59E+06,193
194,82.718,-6904.50,-8.8622,7.4664E-06,2,175.47,1.11E-01,512.5,8.15E+06,194
195,79.128,-9523.90,-7.7355,3.1616E-18,6,301.15,2.86E+01,718,5.00E+06,195
196,61.267,-5618.60,-5.6473,2.1080E-17,6,175.15,1.02E+00,506.55,4.70E+06,196
197,50.242,-3811.90,-4.2526,6.5326E-17,6,170.45,4.15E+02,402.4,5.62E+06,197
198,107.69,-7027.20,-13.916,1.5185E-02,1,196.32,4.07E+00,536,4.28E+06,198
199,75.206,-5082.80,-8.0919,8.1130E-06,2,179.69,1.77E+02,430.05,7.41E+06,199
200,84.828,-9334.70,-8.7063,6.1723E-18,6,260.75,1.81E+00,693,3.59E+06,200
201,66.575,-5213.40,-6.7693,4.8106E-06,2,159.53,7.28E-01,490,3.83E+06,201
202,71.308,-4976.00,-7.7169,8.7271E-06,2,113.25,1.21E-04,460.4,3.37E+06,202
203,85.383,-9575.40,-8.6164,5.6124E-18,6,193,6.94E-05,643,3.89E+06,203
204,121.85,-10976.00,-13.869,1.4283E-17,6,155.95,8.67E-09,577.2,3.92E+06,204
205,93.131,-5525.40,-11.852,1.4205E-02,1,135.58,2.05E-02,465,3.47E+06,205
206,83.927,-5640.50,-9.6453,1.1121E-05,2,139.39,1.94E-02,470,3.39E+06,206
207,95.453,-5448.80,-12.384,1.5643E-02,1,160.15,2.92E+00,492,4.47E+06,207
208,60.164,-5621.70,-5.53,1.8629E-17,6,157.48,2.99E-02,512.74,3.38E+06,208
209,96.344,-7856.30,-11.058,7.3080E-06,2,175.3,4.61E-03,593,3.46E+06,209
210,69.459,-5250.00,-7.1125,7.9289E-17,6,183.45,4.36E+01,463.2,4.20E+06,210
211,71.87,-6885.70,-7.0944,1.4903E-17,6,187.35,1.34E-01,554.5,3.48E+06,211
212,95.984,-5401.70,-11.829,1.8092E-05,2,139.05,4.12E-01,442,4.17E+06,212
213,92.684,-7080.80,-10.695,8.1366E-06,2,146.58,1.52E-04,572.1,3.49E+06,213
214,134.63,-10682.00,-16.511,8.4427E-06,2,299.15,2.57E+02,686,3.99E+06,214
215,125.1,-10288.00,-15.157,1.0918E-05,2,280.15,4.56E+01,614,3.81E+06,215
216,54.179,-7477.20,-4.22,3.5225E-18,6,269.15,1.62E+01,617,3.77E+06,216
217,55.368,-5149.80,-5.0136,3.2220E-06,2,130.73,2.25E-04,532.7,3.76E+06,217
218,52.732,-5286.90,-4.4509,1.0883E-17,6,146.62,3.98E-03,542,4.13E+06,218
219,52.601,-5120.30,-4.4554,1.3288E-17,6,115,2.12E-06,526,4.13E+06,219
220,79.788,-5420.00,-9.0702,1.1489E-05,2,182.55,2.58E+01,483,3.96E+06,220
221,78.586,-5176.30,-8.7501,9.1727E-06,2,160,7.85E+00,437.8,4.43E+06,221
222,72.698,-6143.60,-7.5779,5.6476E-06,2,186.48,1.39E+00,535.5,4.12E+06,222
223,79.07,-6114.10,-8.631,6.5333E-06,2,167.23,2.25E-01,533,4.26E+06,223
224,77.184,-5606.10,-8.392,7.8468E-06,2,174.15,6.88E+00,487.2,5.98E+06,224
225,57.984,-5339.60,-5.2362,2.0767E-17,6,150,2.13E-02,497,3.42E+06,225
226,80.503,-7421.80,-8.379,1.8114E-17,6,189.15,6.99E-02,574.6,3.27E+06,226
227,57.612,-5197.90,-5.1269,2.1702E-17,6,256.15,7.28E+03,488,5.48E+06,227
228,53.867,-4701.00,-4.7052,2.8791E-17,6,127.93,3.32E-03,464.48,3.76E+06,228
229,45.242,-5324.40,-3.2551,3.0363E-18,6,180.15,2.95E-01,553.4,3.79E+06,229
230,52.82,-5437.70,-4.442,9.5103E-18,6,171.64,1.80E-01,553.1,4.02E+06,230
231,54.15,-4337.70,-4.8127,4.5000E-17,6,150.18,3.15E+00,469.95,7.23E+06,231
232,107.36,-8085.30,-12.72,8.3307E-06,2,224.95,1.91E+01,566,3.67E+06,232
233,105.7,-12458.00,-11.234,4.4629E-18,6,240,4.19E-04,694,2.55E+06,233
234,53.579,-5041.20,-4.6404,1.9443E-17,6,119.55,2.07E-05,497.7,3.04E+06,234
235,61.907,-6188.90,-5.706,1.1767E-17,6,176,6.33E-02,546.49,3.04E+06,235
236,108.43,-5039.90,-15.012,2.2725E-02,1,113.54,1.21E-02,407.8,3.63E+06,236
237,172.27,-11589.00,-22.113,1.3703E-05,2,298.97,5.88E+03,506.2,3.96E+06,237
238,78.01,-4634.10,-8.9575,1.3413E-05,2,132.81,6.45E-01,417.9,4.00E+06,238
239,70.717,-6439.70,-6.9845,2.0129E-17,6,185.65,6.34E-01,530.6,4.03E+06,239
240,67.942,-5419.10,-6.8067,4.7778E-17,6,133.97,2.90E-03,476.25,3.80E+06,240
241,83.711,-6786.90,-9.2526,6.6666E-06,2,160.17,4.26E-03,565,3.97E+06,241
242,37.205,-2590.30,-2.5993,6.0508E-06,2,116.34,1.43E+01,352.5,4.70E+06,242
243,56.485,-6954.20,-4.7889,2.7753E-18,6,249.95,9.23E+00,654,3.34E+06,243
244,57.1511,-5201.70,-5.1429,1.6529E-17,6,164.55,4.93E-01,497.1,3.29E+06,244
245,51.085,-4271.00,-4.307,3.0530E-17,6,151.15,3.37E+00,437,4.58E+06,245
246,62.964,-8137.50,-5.6317,2.2675E-18,6,353.43,9.91E+02,748.4,4.07E+06,246
247,29.755,-271.06,-2.6081,5.2700E-04,2,24.56,4.38E+04,44.4,2.67E+06,247
248,75.632,-7202.30,-7.6464,1.8250E-17,6,183.63,3.18E-02,593,5.16E+06,248
249,58.282,-1084.10,-8.3144,4.4127E-02,1,63.15,1.25E+04,126.2,3.39E+06,249
250,68.149,-2257.90,-8.9118,2.3233E-02,1,66.46,1.86E-01,234,4.50E+06,250
251,57.278,-6089.00,-4.9821,1.2154E-17,6,244.6,1.47E+02,588.15,6.31E+06,251
252,96.512,-4045.00,-12.277,2.8860E-05,2,182.3,8.69E+04,309.57,7.28E+06,252
253,72.974,-2650.00,-8.261,9.7000E-15,6,109.5,2.20E+04,180.15,6.52E+06,253
254,182.54,-17897.00,-22.498,7.4008E-06,2,305.04,1.59E-02,758,1.21E+06,254
255,337.71,-18506.00,-50.224,4.7345E-02,1,255.15,3.42E-01,658,2.74E+06,255
256,109.35,-9030.40,-12.882,7.8544E-06,2,219.66,4.31E-01,594.6,2.31E+06,256
257,137.6,-14948.00,-15.618,5.5660E-18,6,285.55,4.71E-02,710.7,2.50E+06,257
258,162.854,-15205.00,-19.424,1.0722E-17,6,268.15,8.55E-02,670.9,2.52E+06,258
259,146.46,-13813.00,-17.158,8.6279E-40,14,238.15,4.32E-03,649.5,2.55E+06,259
260,63.313,-7040.40,-5.8055,7.5753E-18,6,191.91,2.04E-02,593.1,2.43E+06,260
261,106.2,-10982.00,-11.696,8.8955E-18,6,253.05,1.47E-01,681,2.33E+06,261
262,114.77,-9430.80,-13.631,8.1918E-06,2,223.15,4.50E-01,598.05,2.62E+06,262
263,157.68,-16093.00,-18.954,5.9272E-06,2,301.31,3.39E-02,747,1.26E+06,263
264,83.601,-8865.80,-8.5711,7.9446E-18,6,246,1.46E+00,638.9,2.95E+06,264
265,96.084,-7900.20,-11.003,7.1802E-06,2,216.38,2.11E+00,568.7,2.47E+06,265
266,140.16,-14813.00,-16.004,6.4239E-18,6,289.65,1.83E-01,694.26,2.76E+06,266
267,144.111,-13667.00,-16.826,9.3666E-18,6,257.65,9.60E-02,652.3,2.78E+06,267
268,133.41,-12630.00,-15.369,2.9939E-41,14,241.55,4.04E-02,629.8,2.75E+06,268
269,63.775,-7711.30,-5.7359,3.0902E-18,6,252.85,4.68E+00,632.7,2.65E+06,269
270,72.382,-8054.80,-7.0002,5.8276E-18,6,255.55,7.84E+00,627.7,2.71E+06,270
271,74.936,-7155.90,-7.5843,1.7106E-17,6,171.45,2.98E-03,566.9,2.66E+06,271
272,78.368,-8855.40,-7.8202,5.6629E-18,6,223.95,3.05E-02,667.3,2.52E+06,272
273,64.612,-6802.50,-6.0261,1.1013E-17,6,193.55,1.04E-01,574,2.88E+06,273
274,122.04,-16050.00,-12.986,2.0871E-18,6,462.65,2.15E+03,804,7.06E+06,274
275,51.245,-1200.20,-6.4361,2.8405E-02,1,54.36,1.48E+02,154.58,5.02E+06,275
276,40.067,-2204.80,-2.9351,7.7520E-16,6,80.15,7.35E-01,261,5.57E+06,276
277,135.57,-13478.00,-16.022,5.6136E-06,2,283.07,1.29E-01,708,1.47E+06,277
278,149.58,-8890.00,-20.697,2.2101E-02,1,182,5.23E-02,566.1,3.97E+06,278
279,78.741,-5420.30,-8.8253,9.6171E-06,2,143.42,6.86E-02,469.7,3.36E+06,279
280,101.7,-10955.00,-10.829,7.1880E-18,6,239.15,3.28E-02,639.16,3.59E+06,280
281,114.748,-10643.00,-12.858,1.2491E-17,6,195.56,5.48E-04,588.1,3.90E+06,281
282,122.26,-10774.00,-13.943,1.0700E-42,15,200,4.15E-03,561,3.71E+06,282
283,84.635,-7078.40,-9.3,6.2702E-06,2,196.29,7.52E-01,561.08,3.71E+06,283
284,44.286,-5415.10,-3.0913,1.8580E-18,6,234.18,7.34E+01,560.95,3.70E+06,284
285,46.994,-4289.50,-3.7345,2.5424E-17,6,108.02,3.70E-05,464.8,3.56E+06,285
286,58.985,-6193.10,-5.2746,7.3986E-18,6,160.75,1.77E-03,584.3,3.54E+06,286
287,67.309,-6880.80,-6.4449,1.0148E-17,6,197.45,2.01E-01,598,3.47E+06,287
288,82.805,-5683.80,-9.4301,1.0767E-05,2,167.45,2.40E+00,481.2,4.17E+06,288
289,137.29,-7447.10,-19.01,2.1415E-02,1,163.83,2.05E-01,519,4.02E+06,289
290,72.958,-10943.00,-6.7902,1.0850E-18,6,372.38,2.93E+01,869,2.90E+06,290
291,95.444,-10113.00,-10.09,6.7603E-18,6,314.06,1.88E+02,694.25,6.06E+06,291
292,86.779,-8101.80,-9.5303,6.1367E-06,2,243.15,4.33E+00,653,4.06E+06,292
293,126.5,-12551.00,-15.002,7.7521E-06,2,404.15,7.90E+02,791,4.73E+06,293
294,57.069,-3682.70,-5.5662,6.5133E-06,2,136.87,1.83E+01,394,5.22E+06,294
295,59.078,-3492.60,-6.0669,1.0919E-05,2,85.47,1.68E-04,369.83,4.21E+06,295
296,84.6642,-8307.20,-8.5767,7.5091E-18,6,146.95,4.28E-07,536.8,5.17E+06,296
297,96.094,-8575.40,-10.292,1.6665E-17,6,185.26,1.95E-02,508.3,4.78E+06,297
298,64.268,-7298.90,-5.9109,4.8482E-18,6,199,2.48E-02,636,3.13E+06,298
299,80.581,-5896.10,-8.9301,8.2236E-06,2,170,1.31E+00,504.4,4.92E+06,299
300,54.552,-7149.40,-4.2769,1.1843E-18,6,252.45,1.31E+01,600.81,4.61E+06,300
301,82.699,-6703.50,-9.1506,7.5424E-06,2,180.26,1.69E-01,564.4,4.19E+06,301
302,115.16,-8433.90,-13.934,1.0346E-05,2,178.15,1.71E-02,549.73,3.37E+06,302
303,58.398,-5312.70,-5.2876,1.9913E-06,2,188.36,1.30E+01,496.95,4.74E+06,303
304,91.379,-8276.80,-10.176,5.6240E-06,2,173.55,1.81E-04,638.35,3.20E+06,304
305,43.905,-3097.80,-3.4425,9.9989E-17,6,87.89,1.17E-03,364.85,4.60E+06,305
306,104.08,-8036.70,-12.348,9.60E-06,2,180.25,2.11E-01,538,4.03E+06,306
307,60.43,-12376.00,-5.6572,2.60E-17,6,142.61,9.73E-03,517,4.75E+06,307
308,62.165,-5624.00,-5.8595,2.06E-17,6,159.95,6.51E-02,536.6,4.63E+06,308
309,212.8,-15420.00,-28.109,2.16E-05,2,213.15,9.29E-05,626,6.04E+06,309
310,48.651,-7289.50,-3.4453,1.01E-18,6,388.85,1.17E+04,683,5.93E+06,310
311,272.85,-9548.90,-40.089,6.37E-15,6,186.35,2.21E+05,259,3.75E+06,311
312,105.93,-8685.90,-12.42,7.56E-06,2,242.54,1.06E+01,636,3.82E+06,312
313,128.65,-16958.00,-13.872,2.16E-18,6,460.65,8.85E+02,806,4.73E+06,313
"314
","47.365
",-4084.50,-3.6469,"1.7990E-17
","6
","197.67
",1.67E+03,"430.75
",7.86E+06,"314
"
315,29.16,-2383.60,-1.1342,0,0,223.15,2.30E+05,318.69,3.77E+06,315
316,180.99,-12060.00,-22.839,7.24E-17,6,289.95,2.09E+04,490.85,8.19E+06,316
317,248.72,-32238.00,-30.009,4.80E-06,2,700.15,4.57E+03,1113,3.94E+06,317
318,110.52,-14045.00,-11.861,2.21E-18,6,329.35,4.14E-01,857,2.97E+06,318
319,140.47,-13231.00,-16.859,6.59E-06,2,279.01,2.53E-01,693,1.57E+06,319
320,54.898,-5305.40,-4.7627,1.43E-17,6,164.65,1.96E-01,540.15,5.20E+06,320
321,137.23,-10620.00,-17.908,1.45E-02,1,237.38,1.33E-01,720,3.62E+06,321
322,75.881,-6910.60,-7.9499,4.43E-06,2,176.99,1.54E-02,631.95,5.12E+06,322
323,57.963,-5901.50,-5.2048,9.13E-18,6,373.96,8.69E+04,568,2.87E+06,323
324,93.193,-7001.50,-10.738,8.23E-06,2,234.94,1.86E+02,579.35,5.70E+06,324
325,76.945,-6729.80,-8.179,5.30E-06,2,178.18,4.75E-02,591.75,4.08E+06,325
326,54.153,-6041.80,-4.5383,4.98E-18,6,236.5,4.47E+01,602,4.45E+06,326
327,137.45,-12549.00,-16.543,7.13E-06,2,267.76,2.51E-01,675,1.68E+06,327
328,56.55,-5681.90,-4.9815,1.24E-17,6,158.45,1.06E-02,535.15,3.04E+06,328
329,134.68,-6055.80,-19.415,2.86E-02,1,156.08,9.92E+00,433.25,4.10E+06,329
330,78.341,-8019.80,-8.1458,3.90E-06,2,247.79,3.71E+00,664.5,3.45E+06,330
331,85.301,-8215.90,-9.2166,4.80E-06,2,229.33,6.93E-01,649.1,3.21E+06,331
332,84.912,-6722.20,-9.5157,7.22E-06,2,165.78,1.71E-02,543.8,2.55E+06,332
333,83.105,-6903.70,-9.1858,6.47E-06,2,172.22,1.68E-02,573.5,2.81E+06,333
334,506.33,-37483.00,-69.22,2.74E-05,2,398.4,8.50E+00,846,3.41E+06,334
335,302,-24324.00,-40.13,1.74E-05,2,354,9.36E-01,828,3.02E+06,335
336,131,-11143.00,-15.855,8.19E-06,2,247.57,4.08E-01,639,1.95E+06,336
337,182.571,-17112.00,-22.125,1.13E-17,6,288.45,1.26E-01,703.9,2.12E+06,337
338,57.406,-5702.80,-5.0307,1.10E-17,6,180.35,7.06E-01,519.13,3.93E+06,338
339,55.682,-4439.30,-5.0136,1.97E-17,6,173.15,6.69E+01,454,4.89E+06,339
340,91.432,-5141.70,-10.981,1.43E-05,2,119.36,1.92E-02,432,5.75E+06,340
341,54.571,-5561.50,-4.712,1.07E-17,6,178.35,3.54E-01,543.15,3.06E+06,341
342,73.649,-7258.20,-7.3037,4.17E-06,2,273.16,6.11E+02,647.096,2.19E+07,342
343,85.099,-7615.90,-9.3072,5.56E-06,2,225.3,3.18E+00,617,3.53E+06,343
344,90.405,-7955.20,-10.086,5.96E-06,2,247.98,2.18E+01,630.3,3.74E+06,344
345,88.72,-7741.20,-9.8693,6.08E-06,2,286.41,5.76E+02,616.2,3.50E+06,345
